"source_uid","source_id","target_uid","tags"
"ADLS_Demo.acct_updates_hourly_partitioned","18084265","ADLS_Demo.acct_updates_hourly_partitioned","PERSON:eq_sic_val:eq_lei_val"
"ADLS_Demo.adlsdemo_ach_entry_details","28880847","ADLS_Demo.adlsdemo_ach_entry_details","ACH_DEMO:SSN_US:eq_cusip_val:PERSON"
"ADLS_Demo.ingestion_cns_raw_feed1","2340533","ADLS_Demo.ingestion_cns_raw_feed1","eq_sedol_val:US_ZIP_CODES:eq_sic_val"
"ADLS_Demo.ingestion_cns_raw_feed2","2340545","ADLS_Demo.ingestion_cns_raw_feed2","eq_sedol_val:US_ZIP_CODES:eq_sic_val"
"ADLS_Demo.ingestion_cns_raw_feed3_app","2381692","ADLS_Demo.ingestion_cns_raw_feed3_app",""
"ADLS_Demo.ingestion_cns_raw_feed4_cdc","2381693","ADLS_Demo.ingestion_cns_raw_feed4_cdc",""
"ADLS_Demo.lei_updates_combined","18084161","ADLS_Demo.lei_updates_combined","PERSON:eq_sic_val:eq_lei_val:eq_lei_nm"
"ADLS_Demo.presentation_telco_customer_network_score","2382167","ADLS_Demo.presentation_telco_customer_network_score","US_ZIP_CODES:eq_sic_val"
"ADLS_Telco_Demo.billing_rev_plan_mapping2","2351770","ADLS_Telco_Demo.billing_rev_plan_mapping2",""
"ADLS_Telco_Demo.market_device_mapping1","2351769","ADLS_Telco_Demo.market_device_mapping1",""
"ADLS_Test.ach_land","18100851","ADLS_Test.ach_land","SSN_US:eq_cusip_val:PERSON"
"ADLS_Test.cust_sales_demo","18040134","ADLS_Test.cust_sales_demo","CUSTOMER_DATA:eq_cusip_val:PHONE_NUMBER:US_ZIP_CODES:EMAIL:PERSON"
"Anomalies.ANOMALY_TESTING.DEMO.RANDOM_TRANSACTIONS","18126748","Anomalies.ANOMALY_TESTING.DEMO.RANDOM_TRANSACTIONS","PERSON:FINANCE:eq_isin_val:eq_cusip_val"
"Anomalies.ANOMALY_TESTING.PROD.GDELT_DATA","18126749","Anomalies.ANOMALY_TESTING.PROD.GDELT_DATA",""
"Anomalies.ANOMALY_TESTING.PUBLIC.DAILY_DATA","18126750","Anomalies.ANOMALY_TESTING.PUBLIC.DAILY_DATA","SSN_US"
"Anomalies.ANOMALY_TESTING.PUBLIC.HOURLY_DATA","18126753","Anomalies.ANOMALY_TESTING.PUBLIC.HOURLY_DATA","SSN_US"
"Anomalies.ANOMALY_TESTING.PUBLIC.SPIKE","18126751","Anomalies.ANOMALY_TESTING.PUBLIC.SPIKE","eq_sic_val:PERSON:US_ZIP_CODES"
"Anomalies.ANOMALY_TESTING.PUBLIC.STATIC_DATA","18126754","Anomalies.ANOMALY_TESTING.PUBLIC.STATIC_DATA",""
"Anomalies.ANOMALY_TESTING.PUBLIC.TEST_PYHTON_TABLE","18126752","Anomalies.ANOMALY_TESTING.PUBLIC.TEST_PYHTON_TABLE",""
"Anomalies.ANOMALY_TESTING.PUBLIC.TEST_PYHTON_TABLE_1","18126755","Anomalies.ANOMALY_TESTING.PUBLIC.TEST_PYHTON_TABLE_1",""
"Customer_Dummy_Data.Customer_Dummy_Data","12283520","Customer_Dummy_Data.Customer_Dummy_Data","PERSON:US_ZIP_CODES"
"Databricks_Demo_sedemo.databricks_marketplace_demo.b_cardholder_updates","2253819","Databricks_Demo_sedemo.databricks_marketplace_demo.b_cardholder_updates","eq_isin_val:SSN_US:cardholder:eq_cusip_val:PHONE_NUMBER:PERSON:US_ZIP_CODES:EMAIL"
"Databricks_Demo_sedemo.databricks_marketplace_demo.g_cardholder_summary","2253820","Databricks_Demo_sedemo.databricks_marketplace_demo.g_cardholder_summary","cardholder"
"Databricks_Demo_sedemo.databricks_marketplace_demo.s_cardholder_updates","2253821","Databricks_Demo_sedemo.databricks_marketplace_demo.s_cardholder_updates","cardholder:eq_cusip_val:SSN_US:PERSON:eq_isin_val:US_ZIP_CODES:PHONE_NUMBER:EMAIL"
"Databricks_Demo_sedemo.dataproducer_demo.b_lei_updates","2343976","Databricks_Demo_sedemo.dataproducer_demo.b_lei_updates","eq_lei_nm:dataproducer"
"Databricks_Demo_sedemo.dataproducer_demo.cc_trans_type","9083995","Databricks_Demo_sedemo.dataproducer_demo.cc_trans_type",""
"Databricks_Demo_sedemo.dataproducer_demo.g_lei_summary","2344007","Databricks_Demo_sedemo.dataproducer_demo.g_lei_summary","eq_lei_nm:dataproducer"
"Databricks_Demo_sedemo.dataproducer_demo.s_lei_updates","2343990","Databricks_Demo_sedemo.dataproducer_demo.s_lei_updates","eq_lei_val:PERSON:eq_lei_nm:dataproducer"
"Databricks_Demo_sedemo.dataproducer_demo.sv_lei_summary","2344015","Databricks_Demo_sedemo.dataproducer_demo.sv_lei_summary","eq_lei_nm:dataproducer"
"Databricks_Demo_sedemo.dataproducer_poc.job_card_records","29336189","Databricks_Demo_sedemo.dataproducer_poc.job_card_records",""
"Databricks_Demo_sedemo.medallion_demo.bronze_customers","30369705","Databricks_Demo_sedemo.medallion_demo.bronze_customers","EMAIL:PHONE_NUMBER:PERSON"
"Databricks_Demo_sedemo.medallion_demo.bronze_orders","30369707","Databricks_Demo_sedemo.medallion_demo.bronze_orders","eq_sedol_val"
"Databricks_Demo_sedemo.medallion_demo.bronze_sales","30369706","Databricks_Demo_sedemo.medallion_demo.bronze_sales",""
"Databricks_Demo_sedemo.medallion_demo.gold_customer_sales_aggregated","30369708","Databricks_Demo_sedemo.medallion_demo.gold_customer_sales_aggregated",""
"Databricks_Demo_sedemo.medallion_demo.silver_customers","30369711","Databricks_Demo_sedemo.medallion_demo.silver_customers","EMAIL:PHONE_NUMBER:PERSON"
"Databricks_Demo_sedemo.medallion_demo.silver_orders","30369710","Databricks_Demo_sedemo.medallion_demo.silver_orders","eq_sedol_val"
"Databricks_Demo_sedemo.medallion_demo.silver_sales","30369709","Databricks_Demo_sedemo.medallion_demo.silver_sales",""
"Databricks_Demo_sedemo.partition_demo.account_updates","18085058","Databricks_Demo_sedemo.partition_demo.account_updates","PERSON:eq_lei_val:eq_sedol_val"
"Databricks_Demo_sedemo.telco_customer_network_score_demo.bronze_telco_customer_network_score","2341321","Databricks_Demo_sedemo.telco_customer_network_score_demo.bronze_telco_customer_network_score","US_ZIP_CODES:eq_sic_val"
"Databricks_Demo_sedemo.telco_customer_network_score_demo.gold_telco_customer_network_score","2341335","Databricks_Demo_sedemo.telco_customer_network_score_demo.gold_telco_customer_network_score","SSN_US:eq_sedol_val:eq_isin_val:US_ZIP_CODES:eq_sic_val"
"Databricks_Demo_sedemo.telco_customer_network_score_demo.silver_telco_customer_network_score","2341336","Databricks_Demo_sedemo.telco_customer_network_score_demo.silver_telco_customer_network_score","US_ZIP_CODES:eq_sic_val"
"Dataproducer_LZ.ca_lei_updates","2341518","Dataproducer_LZ.ca_lei_updates","eq_lei_nm:dataproducer:eq_lei_val"
"Dataproducer_LZ.fr_lei_updates","2341519","Dataproducer_LZ.fr_lei_updates","eq_lei_nm:eq_sedol_val:dataproducer:eq_lei_val:PERSON"
"Dataproducer_LZ.us_lei_updates","2341507","Dataproducer_LZ.us_lei_updates","eq_lei_nm:dataproducer:eff_date_tag:eq_lei_val:PERSON"
"GBQ_Demo.henrydemo.GBQ_banking_client_digitalcampaign","2832932","GBQ_Demo.henrydemo.GBQ_banking_client_digitalcampaign","US_ZIP_CODES:PHONE_NUMBER:PERSON:EMAIL:eq_sic_val:eq_cusip_val:eq_sedol_val"
"GBQ_Demo.manojdataset.department_view","11241988","GBQ_Demo.manojdataset.department_view",""
"GBQ_Demo.manojdataset.org_details","11242050","GBQ_Demo.manojdataset.org_details",""
"GBQ_Demo.seregreporting_demo.account_bal_10000","29601179","GBQ_Demo.seregreporting_demo.account_bal_10000","eq_isin_val:SSN_US"
"GBQ_Demo.seregreporting_demo.account_master","9759347","GBQ_Demo.seregreporting_demo.account_master","eq_isin_val:SSN_US:RegulatoryReporting"
"GBQ_Demo.seregreporting_demo.agg_daily_transaction_total_by_currency","9759349","GBQ_Demo.seregreporting_demo.agg_daily_transaction_total_by_currency","RegulatoryReporting"
"GBQ_Demo.seregreporting_demo.agg_daily_transaction_total_by_customer","9759350","GBQ_Demo.seregreporting_demo.agg_daily_transaction_total_by_customer","eq_isin_val:SSN_US:RegulatoryReporting"
"GBQ_Demo.seregreporting_demo.bq_audit_record","29925041","GBQ_Demo.seregreporting_demo.bq_audit_record",""
"GBQ_Demo.seregreporting_demo.merchant_master","9759353","GBQ_Demo.seregreporting_demo.merchant_master","eq_sic_val:eq_isin_val:SSN_US"
"GBQ_Demo.seregreporting_demo.processed_transactions","9759354","GBQ_Demo.seregreporting_demo.processed_transactions","RegulatoryReporting:SSN_US:eq_isin_val"
"GBQ_Demo.seregreporting_demo.sv_daily_transaction_total_by_account","9760101","GBQ_Demo.seregreporting_demo.sv_daily_transaction_total_by_account","eq_isin_val:SSN_US"
"GBQ_Demo.seregreporting_demo.sv_daily_transaction_total_by_customer","9760106","GBQ_Demo.seregreporting_demo.sv_daily_transaction_total_by_customer","eq_isin_val:SSN_US"
"GBQ_Demo.seregreporting_demo.sv_rev_processed_transactions","9760117","GBQ_Demo.seregreporting_demo.sv_rev_processed_transactions","RegulatoryReporting:SSN_US:eq_isin_val"
"GBQ_Demo.winterfell.ad_galapagos_data","30409526","GBQ_Demo.winterfell.ad_galapagos_data","eq_isin_val"
"GBQ_Demo.winterfell.kafka_view","30409529","GBQ_Demo.winterfell.kafka_view","eq_cusip_val:SSN_US"
"GBQ_Demo.winterfell.raw_kafka_data","30409523","GBQ_Demo.winterfell.raw_kafka_data","eq_cusip_val:SSN_US:eq_isin_val"
"GCS_Demo.Clients_Contact","2824968","GCS_Demo.Clients_Contact","US_ZIP_CODES:PHONE_NUMBER:eq_sic_val:eq_cusip_val:PERSON:EMAIL:eq_sedol_val"
"GCS_Demo.Clients_Contact_Sink","2824993","GCS_Demo.Clients_Contact_Sink",""
"GCS_Demo.customer_banking_digitalcampaign","9623988","GCS_Demo.customer_banking_digitalcampaign","US_ZIP_CODES:PERSON:PHONE_NUMBER:eq_sedol_val:EMAIL"
"Hana_Demo.HXE.SYSTEM.ADJECTIVE","2299298","Hana_Demo.HXE.SYSTEM.ADJECTIVE",""
"Hana_Demo.HXE.SYSTEM.BUSINESS_UNIT_D","2299299","Hana_Demo.HXE.SYSTEM.BUSINESS_UNIT_D",""
"Hana_Demo.HXE.SYSTEM.EMPLOYER","3757895","Hana_Demo.HXE.SYSTEM.EMPLOYER","US_ZIP_CODES"
"Hana_Demo.HXE.SYSTEM.SALES_F","2299303","Hana_Demo.HXE.SYSTEM.SALES_F",""
"Hana_Demo.HXE.SYSTEM.SUP_TYPE","2299322","Hana_Demo.HXE.SYSTEM.SUP_TYPE",""
"Hive_ODP_Demo.telco_demo.telco_hive_source_feed","31936641","Hive_ODP_Demo.telco_demo.telco_hive_source_feed",""
"Kafka_Customer_Staging.member_trans_2","12283491","Kafka_Customer_Staging.member_trans_2",""
"Kafka_Sample.new_cust_offers","2335123","Kafka_Sample.new_cust_offers","SSN_US:customer_offers"
"Kafka_Sample.processed_transactions","9747374","Kafka_Sample.processed_transactions","RegulatoryReporting:SSN_US:eq_isin_val"
"Mongodb_Sample.CRM.audit_record","29620897","Mongodb_Sample.CRM.audit_record",""
"Mongodb_Sample.CRM.crm_extract_hist","9019576","Mongodb_Sample.CRM.crm_extract_hist",""
"Mongodb_Sample.CRM.crm_extract_summary","30568522","Mongodb_Sample.CRM.crm_extract_summary","US_ZIP_CODES"
"Mongodb_Sample.sample_training.companies","9019390","Mongodb_Sample.sample_training.companies","eq_sic_val"
"Mongodb_Sample.sample_training.grades","9019393","Mongodb_Sample.sample_training.grades",""
"Mongodb_Sample.sample_training.routes","9019396","Mongodb_Sample.sample_training.routes","eq_sic_val"
"Oracle_Demo.ADMIN.A_1_RAW_CLIENT_APP_SOURCE","2846922","Oracle_Demo.ADMIN.A_1_RAW_CLIENT_APP_SOURCE",""
"Oracle_Demo.ADMIN.A_1_RAW_CLIENT_CONTACT_CRM_SOURCE","2846923","Oracle_Demo.ADMIN.A_1_RAW_CLIENT_CONTACT_CRM_SOURCE",""
"Oracle_Demo.ADMIN.A_1_RAW_ERP_TRANSACTIONS","2846921","Oracle_Demo.ADMIN.A_1_RAW_ERP_TRANSACTIONS",""
"Oracle_Demo.ADMIN.A_1_RAW__CDC_CLIENT_MAPPING","2846924","Oracle_Demo.ADMIN.A_1_RAW__CDC_CLIENT_MAPPING",""
"Oracle_Demo.ADMIN.A_2_CURATION_CLIENTS","2846926","Oracle_Demo.ADMIN.A_2_CURATION_CLIENTS",""
"Oracle_Demo.ADMIN.A_2_CURATION_ERP_TRANSACTIONS","2846927","Oracle_Demo.ADMIN.A_2_CURATION_ERP_TRANSACTIONS",""
"Oracle_Demo.ADMIN.A_2_CURATION_MAPPING","2846931","Oracle_Demo.ADMIN.A_2_CURATION_MAPPING",""
"Oracle_Demo.ADMIN.A_3_ENRICHMENT_CLIENTS","2846928","Oracle_Demo.ADMIN.A_3_ENRICHMENT_CLIENTS",""
"Oracle_Demo.ADMIN.A_3_ENRICHMENT_ERP_TRANSACTIONS","2846930","Oracle_Demo.ADMIN.A_3_ENRICHMENT_ERP_TRANSACTIONS",""
"Oracle_Demo.ADMIN.A_RAW__CDC_CLIENT_MAPPING","2847477","Oracle_Demo.ADMIN.A_RAW__CDC_CLIENT_MAPPING",""
"Oracle_Demo.ADMIN.CLIENTTRANSACTIONS_10K","2825333","Oracle_Demo.ADMIN.CLIENTTRANSACTIONS_10K",""
"Oracle_Demo.ADMIN.CLIENT_CONTACT_CRM_SOURCE","2825334","Oracle_Demo.ADMIN.CLIENT_CONTACT_CRM_SOURCE",""
"Oracle_Demo.ADMIN.ORACLE_TABLES_HYPERION","2847419","Oracle_Demo.ADMIN.ORACLE_TABLES_HYPERION",""
"Oracle_Demo.ADMIN.REC_FREDDIEMACSTANDARDLOAN_CURATESILVER","2825323","Oracle_Demo.ADMIN.REC_FREDDIEMACSTANDARDLOAN_CURATESILVER",""
"S3_Demo.commercial_banking_loanA","30587989","S3_Demo.commercial_banking_loanA","US_ZIP_CODES:eq_sedol_val"
"S3_Demo.commercial_banking_loanb_newdataset","30587990","S3_Demo.commercial_banking_loanb_newdataset","US_ZIP_CODES:eq_sedol_val:CUSTOMER_DATA"
"S3_Demo.customer_profile_updates","2389230","S3_Demo.customer_profile_updates","PERSON:PHONE_NUMBER:US_ZIP_CODES:EMAIL:customer_offers"
"S3_Demo.customer_trans","2389231","S3_Demo.customer_trans","customer_offers:DATA_PRODUCT_1"
"S3_Demo.healthcare_professionals_noam","2901055","S3_Demo.healthcare_professionals_noam","eq_sic_val:PHONE_NUMBER:EMAIL:eq_cusip_val:SSN_US:US_ZIP_CODES"
"S3_Demo.jsonsample","9664226","S3_Demo.jsonsample",""
"S3_Demo.jsonsample2","9668539","S3_Demo.jsonsample2",""
"S3_Demo.us_state_reference","2253866","S3_Demo.us_state_reference",""
"S3_Demo_V2.auth_request","12512856","S3_Demo_V2.auth_request","eq_sic_val:eq_sedol_val:SSN_US:US_ZIP_CODES:FINANCE"
"S3_Demo_V2.cashonhand","17847484","S3_Demo_V2.cashonhand",""
"S3_Demo_V2.raw_cardholder_updates","17847508","S3_Demo_V2.raw_cardholder_updates","PHONE_NUMBER:PERSON:US_ZIP_CODES:EMAIL"
"S3_ReferenceData.COUNTRY_STATE_CODES","2389139","S3_ReferenceData.COUNTRY_STATE_CODES",""
"S3_ReferenceData.US_STATE_2CHAR","2389138","S3_ReferenceData.US_STATE_2CHAR",""
"S3_ReferenceData.s3_audit_record","29923433","S3_ReferenceData.s3_audit_record",""
"S3_ReferenceData.s3_audit_record_str","29923837","S3_ReferenceData.s3_audit_record_str",""
"S3_ReferenceData.temp_file_sql_view","9650835","S3_ReferenceData.temp_file_sql_view",""
"S3_V2_test.partitionedmembers","11230057","S3_V2_test.partitionedmembers","EMAIL:US_ZIP_CODES"
"SEDemo_SFTPFiles.sedemotest.business-financial-data-march-2024-csv_csv","9623829","SEDemo_SFTPFiles.sedemotest.business-financial-data-march-2024-csv_csv",""
"SEDemo_SFTPFiles.sedemotest.customers-10000_csv","9623830","SEDemo_SFTPFiles.sedemotest.customers-10000_csv","EMAIL:US_ZIP_CODES"
"SEDemo_SFTPFiles.sedemotest.machine-readable-business-employment-data-mar-2024-quarter_csv","9623831","SEDemo_SFTPFiles.sedemotest.machine-readable-business-employment-data-mar-2024-quarter_csv",""
"SEDemo_SFTPFiles.sedemotest.mlb_players_csv","9623832","SEDemo_SFTPFiles.sedemotest.mlb_players_csv",""
"SEDemo_SFTPFiles.sedemotest.testfile_csv","9623833","SEDemo_SFTPFiles.sedemotest.testfile_csv","US_ZIP_CODES:EMAIL:eq_sedol_val:eq_sic_val"
"Sales_Databrick_se-demo.demo.ach_demo.raw_ach_entry_details","31196185","Sales_Databrick_se-demo.demo.ach_demo.raw_ach_entry_details","SSN_US:eq_cusip_val:PERSON"
"Sales_Databrick_se-demo.demo.databricks_marketplace_demo.b_cardholder_updates","31196187","Sales_Databrick_se-demo.demo.databricks_marketplace_demo.b_cardholder_updates","SSN_US:PHONE_NUMBER:PERSON:US_ZIP_CODES:EMAIL"
"Sales_Databrick_se-demo.demo.dataproducer_demo.b_lei_updates","31196192","Sales_Databrick_se-demo.demo.dataproducer_demo.b_lei_updates","eq_lei_nm:PERSON:eq_lei_val"
"Sales_Databrick_se-demo.demo.dataproducer_demo.g_lei_summary","31196193","Sales_Databrick_se-demo.demo.dataproducer_demo.g_lei_summary","eq_lei_nm"
"Sales_Databrick_se-demo.demo.dataproducer_demo.s_lei_updates","31196191","Sales_Databrick_se-demo.demo.dataproducer_demo.s_lei_updates","eq_lei_nm:eq_lei_val"
"Sales_Databrick_se-demo.demo.dataproducer_demo.sv_lei_summary_update","31203613","Sales_Databrick_se-demo.demo.dataproducer_demo.sv_lei_summary_update","eq_lei_nm"
"Snowflake_Demo.CHICAGO_BIKES.PROD.BIKE_STATUS","2340257","Snowflake_Demo.CHICAGO_BIKES.PROD.BIKE_STATUS","eq_sic_val"
"Snowflake_Demo.CHICAGO_BIKES.PROD.BIKE_STATUS_DUP","2340258","Snowflake_Demo.CHICAGO_BIKES.PROD.BIKE_STATUS_DUP",""
"Snowflake_V2.RETAIL.GOLD.AGG_MONTHLY_SALES_BY_PROMOTION","11229672","Snowflake_V2.RETAIL.GOLD.AGG_MONTHLY_SALES_BY_PROMOTION",""
"Snowflake_V2.RETAIL.GOLD.CUSTOMER_DETAILS","11229667","Snowflake_V2.RETAIL.GOLD.CUSTOMER_DETAILS",""
"Snowflake_V2.RETAIL.GOLD.STORE_SALES","11229673","Snowflake_V2.RETAIL.GOLD.STORE_SALES",""
"Snowflake_V2.RETAILDEMO_001.PUBLIC.STORE_SALES","11240988","Snowflake_V2.RETAILDEMO_001.PUBLIC.STORE_SALES",""
"Snowflake_pipelines.CCOZZI_TEST.HEATMAP.GENERATED_ASSETS","2401531","Snowflake_pipelines.CCOZZI_TEST.HEATMAP.GENERATED_ASSETS",""
"Snowflake_pipelines.CCOZZI_TEST.PUBLIC.Ingest_CDC_Client_Mapping","2833482","Snowflake_pipelines.CCOZZI_TEST.PUBLIC.Ingest_CDC_Client_Mapping",""
"Snowflake_pipelines.CCOZZI_TEST.PUBLIC.Ingestion_Client_CRM_Source","2833407","Snowflake_pipelines.CCOZZI_TEST.PUBLIC.Ingestion_Client_CRM_Source",""
"Snowflake_pipelines.CCOZZI_TEST.PUBLIC.Presentation_Client_Transactions","2833342","Snowflake_pipelines.CCOZZI_TEST.PUBLIC.Presentation_Client_Transactions",""
"Snowflake_pipelines.CCOZZI_TEST.PUBLIC.Rec_FreddieMac_StandardLoan_ConsumptionGold","2401563","Snowflake_pipelines.CCOZZI_TEST.PUBLIC.Rec_FreddieMac_StandardLoan_ConsumptionGold","US_ZIP_CODES:eq_sedol_val:eq_isin_val"
"Snowflake_pipelines.CCOZZI_TEST.PUBLIC.SQL_View_Telco","2833134","Snowflake_pipelines.CCOZZI_TEST.PUBLIC.SQL_View_Telco",""
"Snowflake_pipelines.CCOZZI_TEST.PUBLIC.TELCO_CUSTOMER_NETWORK_SCORE","2401565","Snowflake_pipelines.CCOZZI_TEST.PUBLIC.TELCO_CUSTOMER_NETWORK_SCORE",""
"Snowflake_pipelines.CPG_SALES.PUBLIC.SALES_TRANS_2","2389147","Snowflake_pipelines.CPG_SALES.PUBLIC.SALES_TRANS_2","SSN_US"
"Snowflake_pipelines.CPG_SALES.PUBLIC.SALES_TRANS_4","3139702","Snowflake_pipelines.CPG_SALES.PUBLIC.SALES_TRANS_4",""
"Snowflake_pipelines.CUSTOMER_PROFILE_HISTORY.PUBLIC.ACTIVE_OFFERS","2389076","Snowflake_pipelines.CUSTOMER_PROFILE_HISTORY.PUBLIC.ACTIVE_OFFERS","customer_offers"
"Snowflake_pipelines.CUSTOMER_PROFILE_HISTORY.PUBLIC.Audit_Test","17617526","Snowflake_pipelines.CUSTOMER_PROFILE_HISTORY.PUBLIC.Audit_Test",""
"Snowflake_pipelines.CUSTOMER_PROFILE_HISTORY.PUBLIC.CUST_PROFILE","2389079","Snowflake_pipelines.CUSTOMER_PROFILE_HISTORY.PUBLIC.CUST_PROFILE","eq_sic_val:customer_offers:eq_cusip_val:US_ZIP_CODES:EMAIL:PERSON:eq_isin_val:SSN_US"
"Snowflake_pipelines.CUSTOMER_PROFILE_HISTORY.PUBLIC.CUST_TRANS","2389081","Snowflake_pipelines.CUSTOMER_PROFILE_HISTORY.PUBLIC.CUST_TRANS","customer_offers"
"Snowflake_pipelines.CUSTOMER_PROFILE_HISTORY.PUBLIC.MARKETING_OFFERS_ISSUED","2389080","Snowflake_pipelines.CUSTOMER_PROFILE_HISTORY.PUBLIC.MARKETING_OFFERS_ISSUED","customer_offers"
"Snowflake_pipelines.CUSTOMER_PROFILE_HISTORY.PUBLIC.OFFER_TEMP","2389078","Snowflake_pipelines.CUSTOMER_PROFILE_HISTORY.PUBLIC.OFFER_TEMP",""
"Snowflake_pipelines.DICOM.PUBLIC.DICOM_SAMPLE","18095784","Snowflake_pipelines.DICOM.PUBLIC.DICOM_SAMPLE",""
"Snowflake_pipelines.ENACT_DB.PUBLIC.ORACLE","2422367","Snowflake_pipelines.ENACT_DB.PUBLIC.ORACLE",""
"Snowflake_pipelines.ENACT_DB.PUBLIC.SAS_HISTORICAL","2422368","Snowflake_pipelines.ENACT_DB.PUBLIC.SAS_HISTORICAL",""
"Snowflake_pipelines.HENRY.PUBLIC.Rec_FreddieMac-StandardLoan_ConsumptionGold","2401399","Snowflake_pipelines.HENRY.PUBLIC.Rec_FreddieMac-StandardLoan_ConsumptionGold",""
"Snowflake_pipelines.HENRY.PUBLIC.TMOBILE_SERVICESBYCUSTOMER_V2","2401393","Snowflake_pipelines.HENRY.PUBLIC.TMOBILE_SERVICESBYCUSTOMER_V2",""
"Snowflake_pipelines.MEMBER_PROGRAMS.PUBLIC.MEMBER_TRANS","2389202","Snowflake_pipelines.MEMBER_PROGRAMS.PUBLIC.MEMBER_TRANS",""
"Snowflake_pipelines.MEMBER_PROGRAMS.PUBLIC.MEMBER_UPDATES","2389203","Snowflake_pipelines.MEMBER_PROGRAMS.PUBLIC.MEMBER_UPDATES","US_ZIP_CODES"
"Snowflake_pipelines.MEMBER_PROGRAMS.PUBLIC.STATE_TIER_TOTALS","2389226","Snowflake_pipelines.MEMBER_PROGRAMS.PUBLIC.STATE_TIER_TOTALS",""
"Snowflake_pipelines.MEMBER_PROGRAMS.PUBLIC.STATE_TIER_TRANS_AGG","2389204","Snowflake_pipelines.MEMBER_PROGRAMS.PUBLIC.STATE_TIER_TRANS_AGG",""
"Snowflake_pipelines.OUTLIER.PUBLIC.LEI_OUTLIERS","5343351","Snowflake_pipelines.OUTLIER.PUBLIC.LEI_OUTLIERS","eq_lei_val:US_ZIP_CODES:eq_lei_nm"
"Snowflake_pipelines.OUTLIER.PUBLIC.LEI_OUTLIER_VIEW","5343362","Snowflake_pipelines.OUTLIER.PUBLIC.LEI_OUTLIER_VIEW","eq_lei_nm:US_ZIP_CODES:eq_lei_val:PERSON"
"Snowflake_pipelines.OUTLIER_ANALYTICS.PUBLIC.LEI_OUTLIERS","5740351","Snowflake_pipelines.OUTLIER_ANALYTICS.PUBLIC.LEI_OUTLIERS","eq_lei_val:eq_lei_nm"
"Snowflake_pipelines.RETAILDEMO_001.PUBLIC.CATALOG_RETURNS","7379841","Snowflake_pipelines.RETAILDEMO_001.PUBLIC.CATALOG_RETURNS",""
"TVS_DS.ADMIN.TVS","15051793","TVS_DS.ADMIN.TVS","eq_isin_val:SSN_US:PHONE_NUMBER:eq_cusip_val:EMAIL:PERSON:eq_sic_val"
"TVS_DS.ADMIN.TVSSECOND","15051794","TVS_DS.ADMIN.TVSSECOND","eq_isin_val:SSN_US:PHONE_NUMBER:eq_cusip_val:EMAIL:PERSON:eq_sic_val"
"TVS_S3.S3_incoming","15114632","TVS_S3.S3_incoming","eq_isin_val:SSN_US:PHONE_NUMBER:eq_cusip_val:EMAIL:PERSON:eq_sic_val"
"TVS_S3.S3_outgoing","15114633","TVS_S3.S3_outgoing","CUSTOMER_DATA:eq_isin_val:SSN_US:PHONE_NUMBER:eq_cusip_val:EMAIL:PERSON:eq_sic_val"
"VirtualDS2.customer_staging_filtered","7387893","VirtualDS2.customer_staging_filtered","kafka_recon_demo"
"az-dbx-demo-test_sedemo.partition_demo.account_updates","18127067","az-dbx-demo-test_sedemo.partition_demo.account_updates","FINANCE:PERSON:eq_lei_val"
"azure_mssql.demodbSE.pbidemo.reservations","12203603","azure_mssql.demodbSE.pbidemo.reservations",""
"azure_mssql.demodbSE.pbidemo.stations_ms","12203604","azure_mssql.demodbSE.pbidemo.stations_ms",""
"fabric_test_sql.DataflowsStagingLakehouse.dbo.green_tripdata_2018","32204248","fabric_test_sql.DataflowsStagingLakehouse.dbo.green_tripdata_2018",""
"k8s_db2.BLUDB.SE_DEMO.CAR_PRICES","9662417","k8s_db2.BLUDB.SE_DEMO.CAR_PRICES","US_ZIP_CODES:eq_sic_val"
"rzr_test_policies.ADQE_DB.PUBLIC.ACCELDATA_EMPLOYEES","17502230","rzr_test_policies.ADQE_DB.PUBLIC.ACCELDATA_EMPLOYEES","EMAIL:SSN_US:PHONE_NUMBER"
"rzr_test_policies.ADQE_DB.PUBLIC.V1","17502232","rzr_test_policies.ADQE_DB.PUBLIC.V1","SSN_US:PHONE_NUMBER:CUSTOMER_DATA"
"rzr_test_policies.CHICAGO_BIKES.PROD.BIKE_STATUS_NEW","17502212","rzr_test_policies.CHICAGO_BIKES.PROD.BIKE_STATUS_NEW","eq_sedol_val:SSN_US:eq_sic_val:US_ZIP_CODES"
"rzr_test_policies.CHICAGO_BIKES.PROD.STATION_STATUS","17502211","rzr_test_policies.CHICAGO_BIKES.PROD.STATION_STATUS","eq_sedol_val:eq_sic_val:SSN_US:US_ZIP_CODES"
"rzr_test_policies.CHICAGO_BIKES.SANDBOX_PROD.BIKE_STATUS","17502215","rzr_test_policies.CHICAGO_BIKES.SANDBOX_PROD.BIKE_STATUS","eq_sedol_val:SSN_US:eq_sic_val"
"rzr_test_policies.CHICAGO_BIKES.SANDBOX_STAGING.STG_PROCESSED_RUNS","17502219","rzr_test_policies.CHICAGO_BIKES.SANDBOX_STAGING.STG_PROCESSED_RUNS","SSN_US"
"rzr_test_policies.CHICAGO_BIKES.SANDBOX_STAGING.STG_WEATHER_DATA","17502222","rzr_test_policies.CHICAGO_BIKES.SANDBOX_STAGING.STG_WEATHER_DATA","eq_sedol_val:SSN_US:eq_sic_val"
"rzr_test_policies.CHICAGO_BIKES.STAGING.STG_BIKE_STATUS","17502226","rzr_test_policies.CHICAGO_BIKES.STAGING.STG_BIKE_STATUS","SSN_US"
"rzr_test_policies.CHICAGO_BIKES.STAGING.STG_PROCESSED_RUNS","17502224","rzr_test_policies.CHICAGO_BIKES.STAGING.STG_PROCESSED_RUNS","SSN_US"
"teradata_sample.DEMO_AustinBikeShare_db.Weather","7385265","teradata_sample.DEMO_AustinBikeShare_db.Weather",""
"teradata_sample.DEMO_AustinBikeShare_db.stations","7385266","teradata_sample.DEMO_AustinBikeShare_db.stations","eq_sic_val"
"teradata_sample.DEMO_AustinBikeShare_db.trips","7385267","teradata_sample.DEMO_AustinBikeShare_db.trips","eq_sic_val"
"test_archive_case.CHICAGO_BIKES_ADOC_WORKSHOPS.PROD.BIKE_STATUS","15697168","test_archive_case.CHICAGO_BIKES_ADOC_WORKSHOPS.PROD.BIKE_STATUS","US_ZIP_CODES:eq_sedol_val:eq_sic_val:SSN_US"
"test_archive_case.CHICAGO_BIKES_ADOC_WORKSHOPS.PROD.STATION_STATUS","15697167","test_archive_case.CHICAGO_BIKES_ADOC_WORKSHOPS.PROD.STATION_STATUS","eq_sedol_val:US_ZIP_CODES:eq_sic_val:SSN_US"
"test_archive_case.CHICAGO_BIKES_ADOC_WORKSHOPS.PUBLIC.SAMPLE_TABLE","15697169","test_archive_case.CHICAGO_BIKES_ADOC_WORKSHOPS.PUBLIC.SAMPLE_TABLE","SSN_US"
"test_archive_case.CHICAGO_BIKES_ADOC_WORKSHOPS.STAGING.STG_BIKE_STATUS","15697171","test_archive_case.CHICAGO_BIKES_ADOC_WORKSHOPS.STAGING.STG_BIKE_STATUS","SSN_US"
"test_archive_case.CHICAGO_BIKES_ADOC_WORKSHOPS.STAGING.STG_PROCESSED_RUNS","15697172","test_archive_case.CHICAGO_BIKES_ADOC_WORKSHOPS.STAGING.STG_PROCESSED_RUNS","SSN_US"
"test_archive_case.CHICAGO_BIKES_ADOC_WORKSHOPS.STAGING.STG_STATION_INFORMATION","15697170","test_archive_case.CHICAGO_BIKES_ADOC_WORKSHOPS.STAGING.STG_STATION_INFORMATION","SSN_US:eq_sedol_val"
"test_archive_case.CHICAGO_BIKES_ADOC_WORKSHOPS.STAGING.STG_STATION_STATUS","15697174","test_archive_case.CHICAGO_BIKES_ADOC_WORKSHOPS.STAGING.STG_STATION_STATUS","SSN_US"
"test_archive_case.CHICAGO_BIKES_ADOC_WORKSHOPS.STAGING.STG_WEATHER_DATA","15697175","test_archive_case.CHICAGO_BIKES_ADOC_WORKSHOPS.STAGING.STG_WEATHER_DATA","eq_sedol_val:SSN_US:eq_sic_val"
"test_archive_case.CHICAGO_BIKES_ADOC_WORKSHOPS.STAGING.STG_WEATHER_DATA_FLATTENED","15697173","test_archive_case.CHICAGO_BIKES_ADOC_WORKSHOPS.STAGING.STG_WEATHER_DATA_FLATTENED","eq_sedol_val:SSN_US:eq_sic_val"
